Language	ABS(Eigenvector)	Popfrom	Popto
aar	  0.00000000	0	1
aaz	  0.00000000	0	1
abi	  0.00000000	0	6
abk	  0.00006923	171	115
abq	  0.00000522	10	8
abx	  0.00000000	0	1
aby	  0.00000000	0	1
acd	  0.00000000	0	6
acf	  0.00000000	3	3
ach	  0.00000000	3	0
acr	  0.00000000	4	2
adj	  0.00000000	0	4
ady	  0.00004637	75	50
aee	  0.00000000	1	0
afr	  0.00086109	357	776
agq	  0.00000000	0	6
agr	  0.00000000	1	1
agt	  0.00000000	0	9
agx	  0.00000000	0	1
aho	  0.00000000	1	0
aht	  0.00000000	1	0
ain	  0.00000000	1	0
ajg	  0.00000000	0	7
aji	  0.00000000	1	1
aka	  0.00000000	2	2
akc	  0.00000000	0	1
ake	  0.00000000	0	14
akk	  0.00021226	136	0
akl	  0.00000000	0	3
akp	  0.00000000	0	1
alq	  0.00000000	2	4
alt	  0.00003135	56	50
amh	  0.00000000	58	317
amm	  0.00000000	0	1
amx	  0.00000000	1	0
ane	  0.00000000	2	0
ang	  0.00060256	147	8
anv	  0.00000000	0	10
any	  0.00000000	0	7
aoi	  0.00000000	1	1
aom	  0.00000000	0	1
ape	  0.00000000	0	1
apm	  0.00000000	1	0
apn	  0.00000000	0	1
apr	  0.00000000	0	1
apw	  0.00000000	1	0
apz	  0.00000000	0	1
ara	  0.01588606	11884	12488
arc	  0.00113664	347	3
are	  0.00000000	2	0
arg	  0.00000000	5	64
ari	  0.00000000	4	0
ark	  0.00000000	1	0
arn	  0.00000000	9	1
arp	  0.00000000	3	0
arw	  0.00000000	1	1
arx	  0.00000000	1	0
asm	  0.00023965	95	526
aso	  0.00000000	0	1
ast	  0.00003191	73	193
atb	  0.00000000	0	3
atd	  0.00000000	0	4
ati	  0.00000000	0	1
atj	  0.00000000	2	3
ats	  0.00000000	1	0
att	  0.00000000	0	1
atv	  0.00000000	0	1
auu	  0.00000000	0	1
auv	  0.00000000	0	1
ava	  0.00008817	186	64
ave	  0.00000000	17	0
awa	  0.00000000	2	1
axk	  0.00000000	0	7
axm	  0.00000000	2	0
aym	  0.00000000	7	6
ayt	  0.00000000	0	2
aze	  0.00028409	774	1658
azr	  0.00000000	0	1
azz	  0.00000000	1	0
bak	  0.00018743	357	502
bal	  0.00000000	5	1
bam	  0.00005660	29	9
bar	  0.00000000	1	2
bas	  0.00000000	2	3
bav	  0.00000000	0	6
bay	  0.00000000	0	2
bba	  0.00000000	0	4
bbb	  0.00000000	0	1
bbj	  0.00000000	0	3
bca	  0.00000000	0	2
bci	  0.00000000	1	0
bcj	  0.00000000	0	1
bcq	  0.00000000	0	3
bcw	  0.00000000	0	7
bdm	  0.00002943	13	3
bdy	  0.00000000	1	0
beh	  0.00000000	0	14
bel	  0.00046173	1409	1874
bem	  0.00000000	0	1
ben	  0.00334541	2223	1878
beq	  0.00000000	5	0
bet	  0.00000000	1	0
bev	  0.00000000	1	0
bfd	  0.00000000	0	6
bho	  0.00000000	2	0
bhy	  0.00000000	0	3
bib	  0.00000000	0	12
bik	  0.00000000	0	2
bim	  0.00000000	0	9
bis	  0.00000000	2	2
biv	  0.00000000	0	4
bji	  0.00000000	0	1
bjt	  0.00000000	0	2
bkb	  0.00000000	0	1
bkc	  0.00000000	3	0
bkd	  0.00000000	0	4
bkm	  0.00000000	0	19
bla	  0.00000000	2	4
blw	  0.00000000	0	5
bmy	  0.00000000	0	1
bnc	  0.00000000	0	13
bno	  0.00000000	0	1
bod	  0.00356449	1508	344
bov	  0.00000000	0	1
box	  0.00000000	0	30
bpr	  0.00000000	0	1
bps	  0.00000000	0	11
bra	  0.00000000	11	2
bre	  0.00033737	212	406
brh	  0.00000000	1	1
bsk	  0.00000000	1	0
bss	  0.00000000	0	5
bst	  0.00000000	0	1
btg	  0.00000000	1	0
bua	  0.00007249	128	47
bug	  0.00000000	1	0
bul	  0.00371912	3667	25742
bum	  0.00000000	2	2
buu	  0.00000000	0	3
bvr	  0.00000000	3	3
bvz	  0.00000000	0	1
bwi	  0.00000000	1	0
bwu	  0.00000000	0	4
byv	  0.00000000	0	2
bzj	  0.00000000	2	0
caa	  0.00000000	0	1
cab	  0.00000000	1	0
cag	  0.00000000	0	1
cak	  0.00000000	3	1
car	  0.00000000	12	3
cat	  0.00949586	8328	18004
cay	  0.00000000	0	2
cbk	  0.00000000	1	0
cbs	  0.00000000	1	0
cbt	  0.00000000	0	1
ceb	  0.00000000	3	11
ces	  0.02775867	17202	64442
cgc	  0.00000000	0	4
chc	  0.00000000	1	0
che	  0.00004049	80	57
chg	  0.00000000	19	0
chk	  0.00000000	0	1
chl	  0.00000000	1	0
chm	  0.00006335	116	89
cho	  0.00000000	0	3
chp	  0.00012325	25	123
chr	  0.00000000	3	3
chs	  0.00000000	1	0
chu	  0.00000534	80	7
chv	  0.00011037	203	174
chy	  0.00000000	10	0
chz	  0.00000000	1	0
cim	  0.00000000	0	2
cjk	  0.00000000	1	0
cjo	  0.00000000	2	1
cjs	  0.00000000	3	0
cjv	  0.00000000	0	1
cko	  0.00000000	0	3
ckt	  0.00001241	33	39
cme	  0.00000000	3	24
cni	  0.00000000	1	1
coe	  0.00000000	0	1
coj	  0.00000000	1	0
com	  0.00000000	2	0
cop	  0.00040399	177	2
coq	  0.00000000	1	0
cor	  0.00005478	9	8
cos	  0.00009962	50	50
cot	  0.00000000	1	0
cre	  0.00046563	117	66
crg	  0.00000000	1	0
crh	  0.00001176	28	20
cro	  0.00000000	3	1
crs	  0.00000000	5	0
csb	  0.00000000	4	3
ctu	  0.00000000	0	1
cuk	  0.00000000	3	0
cul	  0.00000000	1	1
cuv	  0.00000000	1	0
cym	  0.00334156	621	2312
daa	  0.00000000	0	17
daf	  0.00000000	0	5
dag	  0.00000000	1	0
dak	  0.00004108	25	23
dan	  0.03020216	21239	64799
dar	  0.00003984	83	68
dbq	  0.00000000	0	19
ddn	  0.00000000	0	1
ded	  0.00000000	0	1
del	  0.00000000	4	1
dep	  0.00000000	1	0
des	  0.00000000	1	0
deu	  0.26334749	201718	292124
dga	  0.00000000	1	0
dgi	  0.00000000	0	6
dgr	  0.00000000	2	4
dgz	  0.00000000	0	1
dhv	  0.00000000	1	0
dih	  0.00000000	1	0
div	  0.00000000	1	7
djc	  0.00000000	0	4
dje	  0.00000000	6	0
dji	  0.00000000	0	1
djj	  0.00012325	18	9
djk	  0.00000724	26	8
djr	  0.00000000	0	1
dlg	  0.00000718	12	0
dng	  0.00000000	10	8
dnk	  0.00000000	0	1
dnn	  0.00000000	0	10
doc	  0.00000000	0	5
doi	  0.00003424	10	1
dos	  0.00000000	0	11
dow	  0.00000000	0	2
drs	  0.00000000	0	1
dsh	  0.00000000	0	3
dts	  0.00000000	1	0
dua	  0.00000000	5	1
due	  0.00000000	0	3
dum	  0.00011357	84	0
dur	  0.00000000	0	1
duu	  0.00000000	0	1
dyi	  0.00000000	0	4
dyo	  0.00000000	1	7
dyu	  0.00000000	4	6
dzg	  0.00000000	0	15
dzo	  0.00000000	1	0
efi	  0.00000000	0	2
egy	  0.00036975	235	0
eip	  0.00000000	1	0
ekm	  0.00000000	0	2
ell	  0.01143029	4862	27422
eme	  0.00000000	1	0
enf	  0.00000000	11	0
eng	  0.89803531	1225237	146294
enh	  0.00000000	1	0
enm	  0.00102024	231	28
epo	  0.00000000	99	542
erk	  0.00000000	0	1
ess	  0.00000000	1	0
est	  0.01322228	5739	20605
esu	  0.00000000	2	0
etr	  0.00000000	0	1
ett	  0.00000000	2	0
eus	  0.00108321	1021	3923
eve	  0.00000000	10	15
evn	  0.00001176	24	8
ewe	  0.00000000	7	4
ewo	  0.00000000	1	0
ext	  0.00000000	0	1
faa	  0.00000000	0	1
fak	  0.00000000	1	0
fan	  0.00000000	3	0
fao	  0.00000967	104	415
fas	  0.00434650	2837	11329
fij	  0.00000000	1	8
fil	  0.00045877	87	150
fin	  0.01160693	8296	46271
fkv	  0.00000000	1	0
flm	  0.00000000	1	0
flr	  0.00000000	0	11
fmp	  0.00000000	0	3
fod	  0.00000000	0	3
fon	  0.00000000	1	8
fra	  0.29695532	216624	238463
fri	  0.00003076	119	118
frm	  0.00075791	267	16
fro	  0.00189681	902	20
frp	  0.00000000	1	3
frr	  0.00000000	7	4
frs	  0.00000000	3	4
ful	  0.00003849	20	9
fun	  0.00000000	0	1
fur	  0.00000000	8	0
fwa	  0.00000000	2	0
gad	  0.00000000	0	2
gag	  0.00000718	19	15
gba	  0.00000000	0	14
gbb	  0.00000000	1	0
gbr	  0.00000000	0	1
gcc	  0.00000000	1	0
gcf	  0.00024756	84	22
gcr	  0.00003623	17	8
gde	  0.00000000	1	14
gen	  0.00000000	0	3
gez	  0.00005478	22	1
ghs	  0.00000000	0	1
gia	  0.00000000	1	0
gil	  0.00000000	1	0
gjn	  0.00000000	0	3
gla	  0.00026020	78	227
gld	  0.00001110	39	2
gle	  0.00082199	269	167
glg	  0.00140280	1346	2371
glh	  0.00000000	1	0
glv	  0.00000000	1	0
gmh	  0.00120464	595	15
gml	  0.00000000	2	0
gna	  0.00000000	0	8
gnd	  0.00000000	1	7
gng	  0.00000000	0	17
gnn	  0.00000000	0	2
goh	  0.00003012	20	4
got	  0.00000000	2	0
grc	  0.02250273	17342	22
grn	  0.00000000	9	2
gsc	  0.00002491	11	5
gsw	  0.00003414	27	116
guc	  0.00000000	1	0
gud	  0.00000000	0	2
gue	  0.00000000	0	1
guj	  0.00048148	264	524
gul	  0.00000000	1	1
gup	  0.00000000	1	3
gur	  0.00000000	0	15
guw	  0.00000000	1	0
gux	  0.00000000	1	0
gvn	  0.00000000	0	1
gwa	  0.00000000	1	0
gwi	  0.00000000	1	1
hag	  0.00000000	1	5
hai	  0.00000000	2	0
hat	  0.00007532	22	7
hau	  0.00004108	9	53
haw	  0.00011640	18	10
haz	  0.00000000	0	1
hbs	  0.02696108	12743	45036
hch	  0.00000000	1	1
hdy	  0.00000000	0	4
heb	  0.02361634	9889	10961
hem	  0.00000000	0	1
her	  0.00000000	1	3
hid	  0.00000000	1	0
hil	  0.00000000	2	1
hin	  0.00247332	1469	3506
hit	  0.00004108	8	0
hke	  0.00000000	1	0
hlb	  0.00000000	2	0
hmb	  0.00000000	3	0
hmn	  0.00003424	8	30
hni	  0.00000000	0	12
hnn	  0.00000000	0	1
hns	  0.00000664	22	2
hop	  0.00010271	20	0
hoz	  0.00000000	0	1
hss	  0.00000000	1	0
hub	  0.00000000	0	1
hun	  0.02802628	11256	54989
hur	  0.00000000	3	1
hye	  0.00149675	1100	2139
iai	  0.00000000	1	0
iba	  0.00000000	1	0
ibd	  0.00000000	0	1
ibg	  0.00000000	0	2
ibl	  0.00000000	0	1
ibo	  0.00003424	9	4
idd	  0.00000000	0	2
ifa	  0.00000000	0	4
ife	  0.00000000	0	45
ifk	  0.00000000	0	4
ifu	  0.00000000	0	1
ify	  0.00000000	0	1
iii	  0.00000000	0	18
ijc	  0.00000000	1	0
iku	  0.00013131	108	304
ilk	  0.00000000	0	1
ilo	  0.00000000	3	1
ina	  0.00000000	0	3
inh	  0.00002939	51	54
ino	  0.00000000	0	1
ipk	  0.00000000	4	2
irk	  0.00000000	1	0
isl	  0.00208855	1518	6514
ita	  0.09374308	66453	59830
itl	  0.00000000	3	0
its	  0.00000000	0	1
ivb	  0.00000000	0	2
ivv	  0.00000000	1	0
iws	  0.00000000	0	1
ixj	  0.00000000	0	1
jai	  0.00000000	3	0
jam	  0.00000000	3	0
jao	  0.00000000	1	2
jav	  0.00003424	18	0
jbj	  0.00000000	0	1
jbt	  0.00000000	1	0
jgo	  0.00000000	0	2
jmd	  0.00000000	0	1
jnj	  0.00000000	0	1
jpn	  0.04398496	26921	130893
jra	  0.00000000	1	0
jrb	  0.00000000	12	0
jvn	  0.00000271	9	6
kaa	  0.00006204	129	568
kab	  0.00008604	39	9
kac	  0.00000000	0	66
kal	  0.00001451	86	327
kam	  0.00000000	3	0
kan	  0.00066418	314	700
kaq	  0.00000000	2	0
kas	  0.00004108	24	10
kat	  0.00043495	1224	2176
kaw	  0.00000000	1	0
kaz	  0.00043691	948	2454
kbc	  0.00000000	1	1
kbd	  0.00006661	119	86
kbp	  0.00000000	1	10
kca	  0.00001045	21	3
kdd	  0.00000000	1	0
kdh	  0.00000000	0	11
kea	  0.00000000	3	1
kek	  0.00000000	0	5
ken	  0.00000000	0	11
ker	  0.00000000	0	10
kfy	  0.00000000	1	0
kfz	  0.00000000	0	12
kgh	  0.00000000	0	11
kgs	  0.00000000	1	0
kha	  0.00000000	3	0
khb	  0.00000000	0	2
khm	  0.00008217	51	231
kho	  0.00000000	2	0
khq	  0.00000000	1	0
kib	  0.00000000	2	0
kij	  0.00000000	1	0
kik	  0.00006847	18	0
kin	  0.00000000	3	4
kio	  0.00000000	2	0
kir	  0.00023903	708	1528
kjb	  0.00000000	3	1
kjh	  0.00001698	29	15
kjq	  0.00000000	1	0
kkj	  0.00000000	0	27
kla	  0.00000000	1	0
kln	  0.00000000	1	0
kma	  0.00000000	0	4
kmb	  0.00000000	0	2
kmh	  0.00000000	0	1
kmw	  0.00000000	0	7
kne	  0.00000000	0	22
knj	  0.00000000	1	1
knp	  0.00000000	0	9
kog	  0.00000000	0	1
kok	  0.00000000	4	2
kom	  0.00005747	121	26
kon	  0.00000000	9	5
kor	  0.00309892	4621	22338
kos	  0.00000000	0	2
koy	  0.00000000	1	0
kpy	  0.00000000	6	7
kqe	  0.00000000	0	10
kqk	  0.00000000	0	1
kqy	  0.00000000	0	6
krc	  0.00007706	141	103
kri	  0.00000000	1	1
krl	  0.00001110	23	7
ksj	  0.00000000	0	1
kst	  0.00000000	0	1
ksw	  0.00000000	2	0
ktb	  0.00000000	0	2
ktu	  0.00000000	1	1
kua	  0.00000000	0	2
kum	  0.00002416	44	65
kup	  0.00000000	0	1
kur	  0.00000000	137	201
kus	  0.00000000	0	1
kut	  0.00000000	4	0
kwk	  0.00000000	2	0
kwn	  0.00000000	0	1
kxc	  0.00000000	0	7
kxv	  0.00000000	1	0
kyf	  0.00000000	0	3
kyh	  0.00000000	1	0
kyq	  0.00000000	0	6
kzr	  0.00000000	0	17
lac	  0.00000000	1	0
lad	  0.00008217	32	15
lah	  0.00000000	7	4
lam	  0.00000000	1	0
lao	  0.00006847	41	232
las	  0.00000000	0	9
lat	  0.03404642	19240	362
lav	  0.00035201	1288	8145
lbe	  0.00002220	41	65
lee	  0.00000000	0	9
lef	  0.00000000	0	6
lem	  0.00000000	0	2
let	  0.00000000	2	0
lez	  0.00002090	34	64
lhu	  0.00000000	2	30
lik	  0.00000000	0	1
lil	  0.00000000	1	0
lim	  0.00000000	0	1
lin	  0.00002943	13	20
lis	  0.00000000	1	78
lit	  0.00322933	1985	15447
liv	  0.00000000	3	0
lkt	  0.00000000	5	1
lle	  0.00000000	1	0
lmp	  0.00000000	0	8
lms	  0.00000000	3	0
lmw	  0.00000000	1	0
lnc	  0.00000000	0	1
lns	  0.00003424	5	15
lob	  0.00000000	0	1
log	  0.00000000	0	3
lol	  0.00000000	1	0
loq	  0.00000000	0	2
lor	  0.00000000	0	1
lpa	  0.00000000	0	1
lrl	  0.00000000	1	0
ltz	  0.00000000	4	36
lua	  0.00000000	2	10
lub	  0.00000000	0	2
lug	  0.00000000	4	0
lui	  0.00000000	1	0
lus	  0.00000000	1	0
lut	  0.00000000	1	0
mai	  0.00000000	13	7
mal	  0.00071301	306	1202
man	  0.00003424	15	2
mar	  0.00086517	405	878
mau	  0.00000000	6	0
maw	  0.00000000	0	7
mba	  0.00000000	0	1
mbb	  0.00000000	0	1
mbd	  0.00000000	0	10
mbi	  0.00000000	0	3
mbs	  0.00000000	0	5
mbt	  0.00000000	0	2
mcb	  0.00000000	5	1
mcd	  0.00000000	2	0
mcm	  0.00000000	1	0
mcp	  0.00000000	0	12
mcu	  0.00000000	1	12
mde	  0.00000000	0	6
mdf	  0.00005747	101	34
mdm	  0.00000000	0	2
med	  0.00000000	1	0
meq	  0.00000000	1	0
mez	  0.00000000	1	0
mfe	  0.00003424	9	9
mfh	  0.00000000	0	1
mfi	  0.00000000	0	1
mga	  0.00006163	12	0
mgo	  0.00000000	0	4
mgv	  0.00000000	1	0
mhg	  0.00000000	2	0
mhq	  0.00000000	2	0
mhu	  0.00000000	1	0
mic	  0.00000000	5	1
mif	  0.00000000	1	26
miq	  0.00000000	0	1
mjy	  0.00000000	1	0
mkd	  0.00171642	1592	3901
mkw	  0.00000000	0	5
mla	  0.00000000	1	0
mlg	  0.00005208	32	204
mlp	  0.00000000	0	1
mlt	  0.00007532	27	86
mmn	  0.00000000	0	3
mmu	  0.00000000	0	2
mmy	  0.00000000	0	2
mnc	  0.00000000	9	2
mnf	  0.00000000	0	18
mnh	  0.00000000	0	2
mni	  0.00000000	11	1
mns	  0.00000000	20	1
mnw	  0.00000000	1	0
moa	  0.00000000	0	2
moe	  0.00000000	2	0
moh	  0.00000000	3	0
mol	  0.00570555	2864	3720
mon	  0.00004245	244	2423
mor	  0.00000000	2	0
mos	  0.00000000	4	3
mov	  0.00000000	1	1
mox	  0.00000000	0	1
moz	  0.00000000	1	17
mpc	  0.00000000	1	0
mpe	  0.00000000	0	1
mpu	  0.00000000	1	0
mqb	  0.00000000	6	4
mql	  0.00000000	0	2
mri	  0.00034236	88	319
msa	  0.00131467	485	5416
msb	  0.00000000	0	1
msm	  0.00000000	0	9
mta	  0.00000000	0	16
mtg	  0.00000000	0	1
mtp	  0.00000000	0	3
mua	  0.00000000	1	0
muw	  0.00000000	1	0
muy	  0.00000000	0	9
mvc	  0.00000000	0	1
mwf	  0.00000000	0	3
mwl	  0.00000000	0	1
mwp	  0.00000000	1	1
mxp	  0.00000000	1	0
mya	  0.00000906	60	274
mym	  0.00000000	0	8
myv	  0.00003788	70	32
mzm	  0.00000000	0	1
mzs	  0.00000000	1	0
mzw	  0.00000000	0	8
nap	  0.00000000	11	0
naq	  0.00000000	0	1
nav	  0.00005478	14	13
naw	  0.00000000	0	1
nay	  0.00000000	0	2
naz	  0.00000000	1	0
nbf	  0.00000000	0	19
nbl	  0.00000000	0	3
nbw	  0.00000000	0	1
ncf	  0.00000000	0	1
nci	  0.00019172	63	0
ncu	  0.00000000	2	6
ncx	  0.00000000	1	0
ncz	  0.00000000	1	0
nde	  0.00000000	3	14
ndo	  0.00000000	1	4
neb	  0.00000000	0	4
nem	  0.00000000	4	0
nen	  0.00000000	4	0
nep	  0.00008217	47	140
new	  0.00000000	3	25
nez	  0.00000000	1	0
nfr	  0.00000000	0	10
nga	  0.00000000	0	17
ngk	  0.00000000	1	0
nhr	  0.00000000	0	8
nhu	  0.00000000	0	11
nhv	  0.00000000	2	0
nij	  0.00000000	1	0
nio	  0.00000000	2	0
niu	  0.00000000	25	67
niv	  0.00000000	11	3
nko	  0.00000000	0	1
nld	  0.03955701	18978	111371
nna	  0.00000000	1	0
nnh	  0.00000000	0	15
nnw	  0.00000000	0	13
nog	  0.00001176	28	33
non	  0.00028642	299	1
noo	  0.00000000	1	0
nor	  0.01063940	14530	45923
nou	  0.00000000	0	1
nrn	  0.00000000	2	0
nsk	  0.00000000	1	0
nso	  0.00000000	0	10
nss	  0.00000000	1	0
ntj	  0.00000000	3	3
ntm	  0.00000000	0	9
ntr	  0.00000000	1	8
nus	  0.00000000	1	0
nuy	  0.00000000	1	0
nwb	  0.00000000	0	1
nya	  0.00000000	1	18
nyj	  0.00000000	4	0
nyo	  0.00000000	0	1
nys	  0.00000000	1	0
nza	  0.00000000	0	1
nzy	  0.00000000	0	1
obo	  0.00000000	0	4
och	  0.00000000	16	0
oci	  0.00095096	452	204
ofs	  0.00000000	2	0
oge	  0.00000000	11	1
oji	  0.00006163	13	25
ojp	  0.00000849	15	0
oka	  0.00000000	1	0
oku	  0.00000000	0	5
olo	  0.00000000	0	3
oma	  0.00000000	2	0
omn	  0.00000000	1	0
omw	  0.00000000	0	1
one	  0.00000000	2	0
onw	  0.00000000	1	0
opm	  0.00000000	0	1
ori	  0.00047401	244	752
ork	  0.00000000	1	1
orm	  0.00000000	3	0
orv	  0.00006727	173	4
osa	  0.00000000	1	0
osp	  0.00000000	29	0
oss	  0.00008882	195	153
osx	  0.00000000	6	0
ota	  0.00004793	16	1
otk	  0.00000000	12	0
oty	  0.00000000	1	0
oym	  0.00000000	1	1
ozm	  0.00000000	1	17
pad	  0.00000000	0	1
pag	  0.00000000	2	0
pal	  0.00004108	18	0
pam	  0.00000000	1	0
pan	  0.00085128	327	384
pao	  0.00000000	1	0
pap	  0.00000000	6	2
pau	  0.00000000	0	4
paw	  0.00000000	2	0
pbi	  0.00000000	0	8
pcc	  0.00000000	0	3
pcd	  0.00004076	18	10
pcm	  0.00000000	2	0
pdc	  0.00000000	2	1
pdt	  0.00000000	6	16
peo	  0.00000000	11	0
pgu	  0.00000000	0	1
pia	  0.00000000	2	0
pib	  0.00000000	1	1
pil	  0.00000000	0	2
pir	  0.00000000	0	1
pis	  0.00000000	0	1
piu	  0.00000000	1	0
piz	  0.00000000	2	0
pjt	  0.00000000	2	10
pkp	  0.00000000	0	1
pli	  0.00080113	400	0
plw	  0.00000000	3	2
pol	  0.02271051	14104	76720
poq	  0.00000000	1	0
por	  0.02105229	11390	74721
pqm	  0.00000000	2	0
prg	  0.00000000	2	0
pri	  0.00000000	4	2
pro	  0.00018114	159	16
prq	  0.00000000	0	2
prt	  0.00000000	0	5
psh	  0.00000000	1	0
psi	  0.00000000	4	3
pus	  0.00000000	60	285
pwm	  0.00000000	0	1
quc	  0.00000000	1	0
que	  0.00000000	37	25
raj	  0.00005478	26	3
ram	  0.00000000	1	0
rar	  0.00000000	34	78
rcf	  0.00007245	35	16
rif	  0.00000000	1	0
rmr	  0.00000000	1	4
rmu	  0.00000000	0	11
roh	  0.00010843	90	284
rom	  0.00000000	79	82
ron	  0.01328133	5475	18464
rop	  0.00004108	7	7
rug	  0.00000000	0	7
run	  0.00000000	3	0
rup	  0.00000000	5	9
rus	  0.08565274	101395	82772
rut	  0.00000000	0	2
rwo	  0.00000000	0	1
sac	  0.00000000	2	0
sag	  0.00000000	3	1
sah	  0.00008882	153	201
san	  0.00815953	4282	58
sar	  0.00000000	1	0
sat	  0.00000000	3	1
sba	  0.00000000	1	0
sbg	  0.00000000	1	0
sbl	  0.00000000	0	1
scl	  0.00000000	1	0
scn	  0.00000000	2	2
sco	  0.00008901	29	32
sda	  0.00000000	1	0
see	  0.00000000	3	0
sef	  0.00000000	1	0
seh	  0.00000000	0	1
sel	  0.00000000	1	0
sep	  0.00000000	0	5
ses	  0.00000000	1	0
sga	  0.00006163	14	0
sgb	  0.00000000	0	2
shh	  0.00000000	1	0
shn	  0.00000000	3	0
shp	  0.00000000	0	1
sid	  0.00000000	0	3
sig	  0.00000000	0	3
sil	  0.00000000	0	8
sin	  0.00015749	52	671
sjd	  0.00000000	1	2
sjm	  0.00000000	0	10
sjo	  0.00000000	0	1
sjt	  0.00000000	2	0
ska	  0.00000000	2	0
sld	  0.00000000	0	15
slh	  0.00000000	3	0
slk	  0.00325322	4205	19641
slm	  0.00000000	0	4
sln	  0.00000000	3	0
slv	  0.00428489	2463	18719
sma	  0.00000000	0	30
smd	  0.00000000	0	4
sme	  0.00000341	103	173
smj	  0.00000000	8	42
smn	  0.00000000	1	15
smo	  0.00000000	74	141
sms	  0.00000000	4	2
sna	  0.00000000	5	16
snd	  0.00009586	47	15
snk	  0.00000000	4	1
snl	  0.00000000	1	0
sog	  0.00000000	1	0
sok	  0.00000000	0	8
som	  0.00007532	26	102
sor	  0.00000000	0	14
sot	  0.00000000	9	9
spa	  0.08539987	52955	228910
sqi	  0.00260489	1424	6757
squ	  0.00000000	2	0
srd	  0.00000000	6	0
sre	  0.00000000	1	0
srm	  0.00000754	25	3
srn	  0.00001025	35	13
srr	  0.00000000	0	4
srs	  0.00000000	1	0
sru	  0.00000000	1	0
ssw	  0.00000000	2	16
sub	  0.00000000	0	1
suc	  0.00000000	0	5
sum	  0.00000000	2	0
sun	  0.00000000	0	1
suq	  0.00000000	0	7
sux	  0.00016433	133	0
swa	  0.00008901	65	323
swb	  0.00000000	1	0
swe	  0.03363697	39192	71688
swg	  0.00000000	2	21
sxn	  0.00000000	0	1
sxw	  0.00000000	0	1
syb	  0.00000000	0	5
syr	  0.00047246	252	11
taa	  0.00000000	2	0
tab	  0.00000849	14	61
tah	  0.00000000	10	7
tam	  0.00165045	496	1763
tan	  0.00000000	2	0
tat	  0.00022792	462	819
tau	  0.00000000	1	0
tbl	  0.00000000	0	11
tbt	  0.00002717	12	3
tbw	  0.00000000	0	3
tbz	  0.00000000	1	7
tca	  0.00000000	3	2
tcb	  0.00000000	1	0
tcs	  0.00000000	2	0
tcy	  0.00000000	2	0
tdd	  0.00000000	0	2
ted	  0.00000000	0	7
tel	  0.00050067	277	668
tem	  0.00000000	3	0
tet	  0.00000000	3	3
tew	  0.00000000	3	0
tgk	  0.00018351	476	1062
tha	  0.00030757	215	1227
thd	  0.00000000	1	11
tik	  0.00000000	0	19
tir	  0.00000000	1	74
tiw	  0.00000000	0	6
tiy	  0.00000000	0	2
tiz	  0.00000000	0	145
tkl	  0.00010271	69	102
tkr	  0.00000000	0	1
tkw	  0.00000000	1	0
tlh	  0.00000000	2	1
tli	  0.00000000	2	0
tmh	  0.00004755	27	1
tnd	  0.00000000	0	1
tnm	  0.00000000	0	1
tnr	  0.00000000	1	0
tog	  0.00000000	0	1
toh	  0.00000000	1	0
toi	  0.00000000	0	2
ton	  0.00000000	29	85
tpi	  0.00000000	1	6
tpm	  0.00000000	0	3
tpr	  0.00000000	1	0
tpw	  0.00000000	1	0
tqo	  0.00000000	1	0
tri	  0.00000000	1	1
tsc	  0.00000000	1	0
tsg	  0.00000000	1	2
tsn	  0.00000000	0	17
tso	  0.00000000	0	8
tsz	  0.00000000	0	2
ttc	  0.00000000	1	0
ttt	  0.00000000	4	0
tue	  0.00000000	1	0
tuk	  0.00016915	434	741
tuo	  0.00000000	0	1
tur	  0.00340584	2658	11874
tuv	  0.00000000	0	1
tuz	  0.00000000	0	3
tvl	  0.00000000	0	1
twf	  0.00000000	2	0
txg	  0.00000000	2	0
tyv	  0.00003004	56	164
tzb	  0.00000000	0	2
tzm	  0.00009736	49	11
uby	  0.00000000	1	0
ude	  0.00000000	1	0
udl	  0.00000000	0	2
udm	  0.00005747	123	37
udu	  0.00000000	0	2
uga	  0.00000000	6	0
uig	  0.00002155	81	1488
ukr	  0.00352934	2877	4514
ulc	  0.00000000	2	0
uli	  0.00000000	0	1
uma	  0.00000000	0	1
unp	  0.00000000	3	0
urb	  0.00000000	0	2
urd	  0.00212528	950	1005
usp	  0.00000000	0	1
uvl	  0.00000000	0	1
uzb	  0.00033829	872	2757
vag	  0.00000000	0	5
vas	  0.00000000	0	1
vec	  0.00000000	5	0
ven	  0.00000000	0	5
vep	  0.00000000	4	5
vie	  0.00142575	668	786
vls	  0.00000000	9	0
vmw	  0.00000000	0	1
vot	  0.00000000	0	5
vut	  0.00000000	0	3
wal	  0.00000000	0	1
wap	  0.00000000	1	3
war	  0.00000000	0	1
way	  0.00000000	2	0
wbl	  0.00000000	0	1
wbm	  0.00000000	0	28
wbp	  0.00010271	16	9
wci	  0.00000000	0	3
wgg	  0.00000000	1	0
wib	  0.00000000	0	15
wic	  0.00000000	1	0
wim	  0.00000000	0	6
wit	  0.00000000	2	0
wiu	  0.00000000	0	1
wlm	  0.00000000	5	0
wln	  0.00000000	6	29
wls	  0.00000000	2	0
wmt	  0.00000000	3	2
wni	  0.00000000	0	1
wob	  0.00000000	0	3
wol	  0.00000000	13	16
wsk	  0.00000000	0	1
wti	  0.00000000	0	2
wwa	  0.00000000	0	22
wya	  0.00000000	4	0
xal	  0.00008882	153	42
xav	  0.00000000	0	2
xeb	  0.00000000	1	0
xed	  0.00000000	0	5
xho	  0.00000000	2	23
xnn	  0.00000000	0	1
xno	  0.00005478	10	0
xon	  0.00000000	0	8
xra	  0.00000000	1	0
xrb	  0.00000000	0	12
xsb	  0.00000000	0	1
xsm	  0.00000000	1	37
xtm	  0.00000000	1	0
xua	  0.00000000	1	0
xuo	  0.00000000	0	11
xuu	  0.00000000	1	0
yaa	  0.00000000	3	0
yam	  0.00000000	0	11
yaq	  0.00000000	2	0
yas	  0.00000000	0	2
ybb	  0.00000000	0	4
yid	  0.00334887	1590	89
yiz	  0.00000000	2	224
yka	  0.00000000	0	1
ykg	  0.00001045	21	1
yle	  0.00000000	0	1
ylr	  0.00000000	1	0
yml	  0.00000000	0	1
ynn	  0.00000000	2	0
yor	  0.00009586	21	28
yrb	  0.00000000	0	1
yre	  0.00000000	0	2
yrk	  0.00002155	41	4
yua	  0.00003424	8	2
yuc	  0.00000000	1	0
yuk	  0.00000000	1	0
yum	  0.00000000	2	0
yus	  0.00000000	1	0
yut	  0.00000000	0	1
zap	  0.00000000	3	0
zdj	  0.00000000	3	0
zha	  0.00000000	0	101
zho	  0.01396375	13337	62650
zir	  0.00000000	0	1
zmz	  0.00000000	0	1
zna	  0.00000000	0	3
zul	  0.00007532	19	23
zun	  0.00000000	3	0
